{
  "timestamp": "20260129_154659",
  "total_grasps": 24,
  "success_count": 16,
  "results": [
    {
      "id": 0,
      "rotation_deg": 0.0,
      "rotation_rad": 0.0,
      "approach_pos": [
        0.6,
        0.15,
        0.5943266416000001
      ],
      "grasp_pos": [
        0.6,
        0.15,
        0.5443266416000001
      ],
      "lift_pos": [
        0.6,
        0.15,
        0.6943266416000001
      ],
      "orientation": [
        0.0,
        1.0,
        0.0,
        0.0
      ],
      "success": true,
      "reason": "success",
      "lift_distance": 0.1419584379255301,
      "contact_forces": [
        0.052063383801267904,
        0.052209760050051415
      ],
      "both_contacts": false
    },
    {
      "id": 1,
      "rotation_deg": 14.999999999999998,
      "rotation_rad": 0.2617993877991494,
      "approach_pos": [
        0.6,
        0.15,
        0.5943266416000001
      ],
      "grasp_pos": [
        0.6,
        0.15,
        0.5443266416000001
      ],
      "lift_pos": [
        0.6,
        0.15,
        0.6943266416000001
      ],
      "orientation": [
        0.0,
        0.9914448613738104,
        0.13052619222005157,
        0.0
      ],
      "success": true,
      "reason": "success",
      "lift_distance": 0.1419115874002167,
      "contact_forces": [
        0.06889521173992282,
        0.06876982086103403
      ],
      "both_contacts": false
    },
    {
      "id": 2,
      "rotation_deg": 29.999999999999996,
      "rotation_rad": 0.5235987755982988,
      "approach_pos": [
        0.6,
        0.15,
        0.5943266416000001
      ],
      "grasp_pos": [
        0.6,
        0.15,
        0.5443266416000001
      ],
      "lift_pos": [
        0.6,
        0.15,
        0.6943266416000001
      ],
      "orientation": [
        0.0,
        0.9659258262890683,
        0.25881904510252074,
        0.0
      ],
      "success": true,
      "reason": "success",
      "lift_distance": 0.14185837951158264,
      "contact_forces": [
        0.08622288453630954,
        0.0858319929079656
      ],
      "both_contacts": false
    },
    {
      "id": 3,
      "rotation_deg": 45.0,
      "rotation_rad": 0.7853981633974483,
      "approach_pos": [
        0.6,
        0.15,
        0.5943266416000001
      ],
      "grasp_pos": [
        0.6,
        0.15,
        0.5443266416000001
      ],
      "lift_pos": [
        0.6,
        0.15,
        0.6943266416000001
      ],
      "orientation": [
        0.0,
        0.9238795325112867,
        0.3826834323650898,
        0.0
      ],
      "success": true,
      "reason": "success",
      "lift_distance": 0.13508568294178147,
      "contact_forces": [
        0.144006109280077,
        0.14207253187238691
      ],
      "both_contacts": false
    },
    {
      "id": 4,
      "rotation_deg": 59.99999999999999,
      "rotation_rad": 1.0471975511965976,
      "approach_pos": [
        0.6,
        0.15,
        0.5943266416000001
      ],
      "grasp_pos": [
        0.6,
        0.15,
        0.5443266416000001
      ],
      "lift_pos": [
        0.6,
        0.15,
        0.6943266416000001
      ],
      "orientation": [
        0.0,
        0.8660254037844387,
        0.49999999999999994,
        0.0
      ],
      "success": true,
      "reason": "success",
      "lift_distance": 0.14187846427549888,
      "contact_forces": [
        0.08724045364915825,
        0.08686798829430382
      ],
      "both_contacts": false
    },
    {
      "id": 5,
      "rotation_deg": 74.99999999999999,
      "rotation_rad": 1.308996938995747,
      "approach_pos": [
        0.6,
        0.15,
        0.5943266416000001
      ],
      "grasp_pos": [
        0.6,
        0.15,
        0.5443266416000001
      ],
      "lift_pos": [
        0.6,
        0.15,
        0.6943266416000001
      ],
      "orientation": [
        0.0,
        0.7933533402912353,
        0.6087614290087205,
        0.0
      ],
      "success": true,
      "reason": "success",
      "lift_distance": 0.1419488588688298,
      "contact_forces": [
        0.07005768331985622,
        0.06953451695374714
      ],
      "both_contacts": false
    },
    {
      "id": 6,
      "rotation_deg": 90.0,
      "rotation_rad": 1.5707963267948966,
      "approach_pos": [
        0.6,
        0.15,
        0.5943266416000001
      ],
      "grasp_pos": [
        0.6,
        0.15,
        0.5443266416000001
      ],
      "lift_pos": [
        0.6,
        0.15,
        0.6943266416000001
      ],
      "orientation": [
        0.0,
        0.7071067811865476,
        0.7071067811865476,
        0.0
      ],
      "success": true,
      "reason": "success",
      "lift_distance": 0.14200016692912465,
      "contact_forces": [
        0.05335241044208003,
        0.05273311757742899
      ],
      "both_contacts": false
    },
    {
      "id": 7,
      "rotation_deg": 105.0,
      "rotation_rad": 1.832595714594046,
      "approach_pos": [
        0.6,
        0.15,
        0.5943266416000001
      ],
      "grasp_pos": [
        0.6,
        0.15,
        0.5443266416000001
      ],
      "lift_pos": [
        0.6,
        0.15,
        0.6943266416000001
      ],
      "orientation": [
        0.0,
        0.6087614290087207,
        0.7933533402912352,
        0.0
      ],
      "success": true,
      "reason": "success",
      "lift_distance": 0.14195959602964414,
      "contact_forces": [
        0.07017185161149393,
        0.06951911806726216
      ],
      "both_contacts": false
    },
    {
      "id": 8,
      "rotation_deg": 119.99999999999999,
      "rotation_rad": 2.0943951023931953,
      "approach_pos": [
        0.6,
        0.15,
        0.5943266416000001
      ],
      "grasp_pos": [
        0.6,
        0.15,
        0.5443266416000001
      ],
      "lift_pos": [
        0.6,
        0.15,
        0.6943266416000001
      ],
      "orientation": [
        0.0,
        0.5000000000000001,
        0.8660254037844386,
        0.0
      ],
      "success": true,
      "reason": "success",
      "lift_distance": 0.1418999315141224,
      "contact_forces": [
        0.08743838138007509,
        0.08680844487576145
      ],
      "both_contacts": false
    },
    {
      "id": 9,
      "rotation_deg": 135.0,
      "rotation_rad": 2.356194490192345,
      "approach_pos": [
        0.6,
        0.15,
        0.5943266416000001
      ],
      "grasp_pos": [
        0.6,
        0.15,
        0.5443266416000001
      ],
      "lift_pos": [
        0.6,
        0.15,
        0.6943266416000001
      ],
      "orientation": [
        0.0,
        0.38268343236508984,
        0.9238795325112867,
        0.0
      ],
      "success": true,
      "reason": "success",
      "lift_distance": 0.13509474941930588,
      "contact_forces": [
        0.14505029633630886,
        0.14174567831111934
      ],
      "both_contacts": false
    },
    {
      "id": 10,
      "rotation_deg": 149.99999999999997,
      "rotation_rad": 2.617993877991494,
      "approach_pos": [
        0.6,
        0.15,
        0.5943266416000001
      ],
      "grasp_pos": [
        0.6,
        0.15,
        0.5443266416000001
      ],
      "lift_pos": [
        0.6,
        0.15,
        0.6943266416000001
      ],
      "orientation": [
        0.0,
        0.25881904510252096,
        0.9659258262890682,
        0.0
      ],
      "success": true,
      "reason": "success",
      "lift_distance": 0.14187805015758415,
      "contact_forces": [
        0.08663704793639984,
        0.08599570341669424
      ],
      "both_contacts": false
    },
    {
      "id": 11,
      "rotation_deg": 165.0,
      "rotation_rad": 2.8797932657906435,
      "approach_pos": [
        0.6,
        0.15,
        0.5943266416000001
      ],
      "grasp_pos": [
        0.6,
        0.15,
        0.5443266416000001
      ],
      "lift_pos": [
        0.6,
        0.15,
        0.6943266416000001
      ],