{
  "timestamp": "20260129_152830",
  "total_grasps": 60,
  "success_count": 12,
  "results": [
    {
      "id": 0,
      "azimuth_deg": 0.0,
      "elevation_deg": 29.999999999999996,
      "azimuth_rad": 0.0,
      "elevation_rad": 0.5235987755982988,
      "approach_pos": [
        0.7299038105676658,
        0.15,
        0.5193266416000001
      ],
      "grasp_pos": [
        0.6866025403784438,
        0.15,
        0.4943266416000001
      ],
      "lift_pos": [
        0.7299038105676658,
        0.15,
        0.6193266416000001
      ],
      "orientation": [
        0.0,
        0.5000000000000001,
        0.0,
        0.8660254037844386
      ],
      "approach_direction": [
        0.8660254037844386,
        0.0,
        0.49999999999999983
      ],
      "success": 